{"sun": {"mass": 1.0, "x": -0.008741112479692534, "y": -0.0013379818959479393, "z": 0.0002146295335440333, "vx": 1.0061860998952708e-18, "vy": -3.066064208946716e-18, "vz": 2.5864671098756763e-21}, "mercury": {"mass": 1.6605481518732714e-07, "x": 0.33988799604727304, "y": 0.021989631495820183, "z": -0.029856892735971797, "vx": -2.6808084502255737e-15, "vy": 1.0753618460428828e-14, "vz": 1.12503275274512e-15}, "venus": {"mass": 2.448327885340709e-06, "x": -0.5125919444194488, "y": -0.5203129373495164, "z": 0.022162855981563263, "vx": 5.2710522169029864e-15, "vy": -5.205135230914523e-15, "vz": -3.7551502215765014e-16}, "earth": {"mass": 3.003364344983656e-06, "x": -0.1263020817998998, "y": -1.0102007925999519, "z": 0.00026751460157593783, "vx": 6.167665328619444e-15, "vy": -7.592461148685403e-16, "vz": -2.2019694448631173e-19}, "mars": {"mass": 3.2271058586874533e-07, "x": -1.59788485329096, "y": 0.4922882321885218, "z": 0.049541170941400314, "vx": -1.3294570856220999e-15, "vy": -4.466292298684208e-15, "vz": -6.090191038593939e-17}, "jupiter": {"mass": 0.0009544883077696756, "x": 4.3949721209571555, "y": 2.272072196793932, "z": -0.107753950115975, "vx": -1.302193884362554e-15, "vy": 2.5889784687128046e-15, "vz": 1.8384679602556186e-17}, "saturn": {"mass": 0.00028581342720643705, "x": 8.567135303760274, "y": -4.721905818215343, "z": -0.2589963239167065, "vx": 8.731241358277303e-16, "vy": 1.7882218616516793e-15, "vz": -6.597113158559968e-17}, "uranus": {"mass": 4.365753080211214e-05, "x": 12.872587464333657, "y": 14.829931814603825, "z": -0.11168798370339098, "vx": -1.0999268542523867e-15, "vy": 8.783610112432925e-16, "vz": 1.7517551423243277e-17}, "neptune": {"mass": 5.150062861453357e-05, "x": 29.79444837773889, "y": -2.4237523171790296, "z": -0.6367327685990888, "vx": 8.573419863915407e-17, "vy": 1.1543333501419003e-15, "vz": -2.574654032263362e-17}, "pluto": {"mass": 6.572793562987176e-09, "x": 16.63698325179173, "y": -30.508798047691105, "z": -1.547773046015085, "vx": 1.0428387808131085e-15, "vy": 3.000813867648463e-16, "vz": -3.371680926595318e-16}}