{
    "mercury": {
        "masse": 1.0,
        "posisjon": [
            0.33988799604727304,
            0.021989631495820183,
            -0.029856892735971797
        ],
        "hastighet": [
            -2.669769196719548,
            3.3935838992682877e-07,
            3.5503333598029395e-08
        ]
    },
    "venus": {
        "masse": 1.6605481518732714e-07,
        "posisjon": [
            -0.5125919444194488,
            -0.5203129373495164,
            0.022162855981563263
        ],
        "hastighet": [
            5.249346644592889,
            -1.6426157556310815e-07,
            -1.185035286324226e-08
        ]
    },
    "earth": {
        "masse": 2.448327885340709e-06,
        "posisjon": [
            -0.1263020817998998,
            -1.0102007925999519,
            0.00026751460157593783
        ],
        "hastighet": [
            6.142267609100458,
            -2.3959985194575448e-08,
            -6.948887095321231e-12
        ]
    },
    "mars": {
        "masse": 3.003364344983656e-06,
        "posisjon": [
            -1.59788485329096,
            0.4922882321885218,
            0.049541170941400314
        ],
        "hastighet": [
            -1.3239825379003747,
            -1.4094546584495678e-07,
            -1.921918127195321e-09
        ]
    },
    "jupiter": {
        "masse": 3.2271058586874533e-07,
        "posisjon": [
            4.3949721209571555,
            2.272072196793932,
            -0.107753950115975
        ],
        "hastighet": [
            -1.296831603293101,
            8.17019469242512e-08,
            5.801763650256271e-10
        ]
    },
    "saturn": {
        "masse": 0.0009544883077696756,
        "posisjon": [
            8.567135303760274,
            -4.721905818215343,
            -0.2589963239167065
        ],
        "hastighet": [
            0.8695287134554899,
            5.643199022125903e-08,
            -2.0818905821257204e-09
        ]
    },
    "uranus": {
        "masse": 0.00028581342720643705,
        "posisjon": [
            12.872587464333657,
            14.829931814603825,
            -0.11168798370339098
        ],
        "hastighet": [
            -1.0953974849939616,
            2.7718965448411325e-08,
            5.528118807941421e-10
        ]
    },
    "neptune": {
        "masse": 4.365753080211214e-05,
        "posisjon": [
            29.79444837773889,
            -2.4237523171790296,
            -0.6367327685990888
        ],
        "hastighet": [
            0.08538115530521727,
            3.642799013043803e-08,
            -8.124990208855428e-10
        ]
    },
    "pluto": {
        "masse": 5.150062861453357e-05,
        "posisjon": [
            16.63698325179173,
            -30.508798047691105,
            -1.547773046015085
        ],
        "hastighet": [
            1.038544493518415,
            9.469848370970314e-09,
            -1.064021580091244e-08
        ]
    }
}