{
    "sun": {
        "masse": 1.0,
        "x": -0.008647947560257333,
        "y": -0.0016038052487075002,
        "z": 0.00021473113169279278,
        "vx": 0.0011252958108073426,
        "vy": -0.0030146325639545677,
        "vz": -2.240028321888302e-07
    },
    "mercury": {
        "masse": 1.6605481518732714e-07,
        "x": -0.39470478678463916,
        "y": -0.001499234445048278,
        "z": 0.03563417054707482,
        "vx": -2.1393659644147514,
        "vy": -9.837653083758232,
        "vz": -0.6073567665826703
    },
    "venus": {
        "masse": 2.448327885340709e-06,
        "x": 0.07630505768049084,
        "y": -0.7238040016777072,
        "z": -0.014602756005673602,
        "vx": 7.2884984611822405,
        "vy": 0.8339344895986887,
        "vz": -0.4090087061232349
    },
    "earth": {
        "masse": 3.003364344983656e-06,
        "x": 0.4027750286789164,
        "y": -0.9310352181258456,
        "z": 0.0002585885146487863,
        "vx": 5.647392087596706,
        "vy": 2.517247042730383,
        "vz": -0.00022220139296160748
    },
    "mars": {
        "masse": 3.2271058586874533e-07,
        "x": -1.6604775939194318,
        "y": 0.09069059760767982,
        "z": 0.04266782738261031,
        "vx": -0.09334881923554621,
        "vy": -4.669880464939303,
        "vz": -0.09549095114407916
    },
    "jupiter": {
        "masse": 0.0009544883077696756,
        "x": 4.275959365591235,
        "y": 2.4950273979353392,
        "z": -0.10601638003442339,
        "vx": -1.4197273479659491,
        "vy": 2.5106406528799283,
        "vz": 0.021353114520613795
    },
    "saturn": {
        "masse": 0.00028581342720643705,
        "x": 8.64193410338534,
        "y": -4.565147954468657,
        "z": -0.2647001805134571,
        "vx": 0.8377299568282168,
        "vy": 1.7980043684852658,
        "vz": -0.06472471506347831
    },
    "uranus": {
        "masse": 4.365753080211214e-05,
        "x": 12.776360606540006,
        "y": 14.90627163852931,
        "z": -0.11015787229060728,
        "vx": -1.1012823783143875,
        "vy": 0.8679524046078463,
        "vz": 0.017529519118569724
    },
    "neptune": {
        "masse": 5.150062861453357e-05,
        "x": 29.801758723368053,
        "y": -2.3230212207833922,
        "z": -0.6389735175819065,
        "vx": 0.08164757764113412,
        "vy": 1.149951561965579,
        "vz": -0.025603669650015346
    },
    "pluto": {
        "masse": 6.572793562987176e-09,
        "x": 16.72766585245503,
        "y": -30.482541517985283,
        "z": -1.5768140716860608,
        "vx": 1.0370112363685873,
        "vy": 0.3011021605161187,
        "vz": -0.33577001236765874
    }
}